Date,Article Summary,Link,Source
2026-07-08,"Nordstrom's annual summer sale offers early discounts on incoming fall merchandise, a strategy luxury retailers could leverage to drive off-season traffic while maintaining brand pricing integrity ahead of key seasonal launches.",https://www.retaildive.com/news/nordstrom-teases-anniversary-summer-sale/824579/,https://www.retaildive.com/feeds/news/
2026-07-08,"A recent report highlights that inconsistent omnichannel fulfillment experiences—such as unreliable buy-online-pickup-in-store or delayed shipping—are eroding customer loyalty, underscoring the need for luxury retailers like Value Retail to ensure seamless integration between digital and in-boutique experiences to retain high-value shoppers.",https://wwd.com/sourcing-journal/industry-news/radial-research-report-reveals-e-commerce-pain-points-1239056204/,https://wwd.com/feed/
2026-07-08,"Pierpaolo Piccioli's Balenciaga couture debut—blending tailoring with flou, maximalism with minimalism in an open-air presentation—signals a strategic push to reposition couture as relevant to contemporary luxury consumers, a positioning shift worth monitoring for its potential influence on ready-to-wear collections and brand storytelling that could shape future retail assortments and boutique experiences.",https://wwd.com/fashion-news/designer-luxury/balenciaga-couture-preview-pierpaolo-piccioli-interview-1239054280/,https://wwd.com/feed/
2026-07-08,"Oribe's expansion into new hair care categories, paired with a bold, unconventional brand campaign, signals a broader push in prestige beauty to diversify product lines while sharpening creative identity to stand out on luxury retail shelves.",https://wwd.com/beauty-industry-news/hair/oribe-hair-bond-builder-launch-creative-reboot-1239057069/,https://wwd.com/feed/
2026-07-08,"Chanel's Fall 2026 haute couture collection under Matthieu Blazy embraces fairy-tale whimsy in its footwear designs, signaling a creative direction that could influence how the brand's boutiques and luxury retailers style window displays and in-store merchandising for the upcoming season.",https://wwd.com/footwear-news/shoe-trends/chanel-haute-couture-fall-2026-shoes-1239056945/,https://wwd.com/feed/
2026-07-08,Chanel's fairytale-themed couture debut under creative director Matthieu Blazy signals a storytelling-driven creative direction that could inform how flagship boutiques and outlet showcases present the brand's heritage narrative to luxury shoppers.,https://www.theguardian.com/fashion/2026/jul/07/chanel-haute-couture-paris-collection-show-matthieu-blazy,https://www.theguardian.com/fashion/rss
2026-07-08,"A running tracker of 2026 retail M&A activity—including Etsy's sale of Depop, Reformation's IPO filing, and Bed Bath & Beyond's acquisition spree—signals continued consolidation and portfolio reshuffling across fashion and home retail that Value Retail should monitor for potential shifts in brand ownership, positioning, or expansion appetite among current and prospective outlet partners.",https://www.retaildive.com/news/running-list-major-retail-deals-acquisitions-ipos-2026/824389/,https://www.retaildive.com/feeds/news/
2026-07-08,"Most U.S. shoppers remain wary of AI-driven Buy Now, Pay Later tools, suggesting luxury retailers should prioritize transparent, human-backed payment options over heavily automated financing when courting high-value customers.",https://wwd.com/sourcing-journal/industry-news/buy-now-pay-later-artificial-intelligence-report-pymnts-1239055119/,https://wwd.com/feed/
2026-07-08,"South Korean department store The Hyundai's new experimental e-commerce app has amassed over 3,000 brands and generated roughly $35.3 million in gross merchandise value since its April soft launch, signaling how traditional luxury retailers can successfully extend curated brand relationships into digital marketplaces.",https://wwd.com/business-news/retail/south-korean-the-hyundai-launches-experimental-e-commerce-1239057492/,https://wwd.com/feed/
2026-07-08,"The Make It British trade show's return to London in January 2027 signals renewed retailer interest in sourcing UK-manufactured goods, a trend luxury outlet operators could leverage to spotlight homegrown craftsmanship among their brand mix.",https://www.drapersonline.com/news/make-it-british-trade-show-returns-after-six-years,https://www.drapersonline.com/feed
2026-07-08,"John Lewis's decision to cut in-store services like gift wrapping and bureau de change, putting hundreds of jobs at risk, underscores the growing pressure on traditional department stores to justify high-touch customer experiences amid cost constraints—a contrast to luxury retail's continued investment in personalized service as a key differentiator.",https://www.drapersonline.com/news/john-lewis-puts-hundreds-of-jobs-at-risk-as-it-axes-in-store-services,https://www.drapersonline.com/feed
2026-07-08,"Next's rumored acquisition of Harvey Nichols could reshape the luxury department store's positioning, potentially leveraging Next's operational and digital infrastructure while raising questions about brand mix and premium retail strategy that Value Retail should monitor for implications on luxury partner relationships.",https://www.drapersonline.com/news/what-could-harvey-nichols-look-like-under-nexts-ownership,https://www.drapersonline.com/feed
2026-07-08,"CRE executives are increasingly using AI models trained on retailer performance, demographics, and foot traffic data to predict tenant risk and inform lease-renewal decisions—an approach directly applicable to Value Retail's luxury outlet leasing strategy, where anticipating brand performance and renewal risk ahead of lease expirations could sharpen tenant mix decisions across its villages.",https://www.commercialsearch.com/news/executive-council-where-ai-creates-the-best-value-for-cre/,Commercial Property Executive
2026-07-08,Marks & Spencer will use a see-now-buy-now runway show at London Fashion Week to mark its centenary and boost brand visibility as it expands its clothing lines into the U.S. and Australian markets.,https://wwd.com/fashion-news/fashion-features/marks-spencer-see-now-buy-collection-london-fashion-week-1239058059/,https://wwd.com/feed/
2026-07-08,"Nike's Air Liquid Max is getting bold new colorways, signaling continued innovation in sneaker design that keeps streetwear and athletic footwear categories fresh for retail assortments—relevant context for outlet mix but not a direct luxury leasing story.",https://wwd.com/footwear-news/sneaker-news/nike-air-liquid-max-aurora-green-release-date-iq7635-001-1239057166/,https://wwd.com/feed/
2026-07-08,"Alice Temperley's departure from the eponymous British label she founded—amid a planned leadership and design overhaul—signals fresh instability for a heritage fashion brand already known to have faced financial strain, a factor luxury landlords like Value Retail should weigh when assessing the label's outlet presence and long-term brand equity.",https://wwd.com/fashion-news/fashion-features/designer-alice-temperley-quits-brand-founded-in-2000-1239058576/,https://wwd.com/feed/
2026-07-08,"Jennie's onstage pairing of Bared's Western-inspired boots with Dsquared2 underscores how celebrity festival styling continues to drive visibility for niche leather goods brands, a signal luxury retail landlords should track when curating footwear tenants for experiential, culture-forward retail environments.",https://wwd.com/footwear-news/shoe-trends/blackpink-jennie-bared-footwear-boots-opener-festival-1239058193/,https://wwd.com/feed/
2026-07-08,"Pierpaolo Piccioli's Balenciaga couture debut signals a stylistic pivot toward sculptural silhouettes and vivid color at the storied house, a shift luxury retailers and buyers will need to track as it reshapes the brand's positioning and merchandising direction.",https://www.theguardian.com/fashion/2026/jul/08/pierpaolo-picciolis-couture-debut-reimagines-balenciaga-in-his-own-colourful-image,https://www.theguardian.com/fashion/rss
2026-07-09,Home Depot's expanded pro loyalty partnerships with convenience and QSR brands create cross-category shopping incentives that could increase contractor wallet share and visit frequency beyond hardware purchases.,https://www.retaildive.com/news/home-depot-7-eleven-jimmy-johns-pro-loyalty-partners/824672/,https://www.retaildive.com/feeds/news/
2026-07-09,This is generic promotional news about a seasonal sale. **SKIP**,https://www.retaildive.com/news/kohls-low-prices-thousands-back-to-school-items-consumer-deals/824683/,https://www.retaildive.com/feeds/news/
2026-07-09,"SKIP

This is generic budget allocation reporting without specifics on concrete AI implementations, use cases, or measurable retail outcomes.",https://www.retaildive.com/news/retailers-increase-investments-spending-ai-digital-technology/824613/,https://www.retaildive.com/feeds/news/
2026-07-09,"SKIP

This is generic regulatory/policy news about SEC reporting requirements that applies broadly across all industries, not specific retail/fashion/leasing sector impact.",https://www.retaildive.com/news/sec-semiannual-reporting-proposal-draws-groundswell-of-opposition/824680/,https://www.retaildive.com/feeds/news/
2026-07-09,"SKIP

This is fashion journalism/event coverage, not AI news.",https://wwd.com/runway/fall-couture-2026/paris/manish-malhotra/review/,https://wwd.com/feed/
2026-07-09,"SKIP

(This is product launch hype about a styling tool feature. While it involves AI, it lacks concrete retail/fashion/leasing business impact data—no sales figures, market adoption metrics, supply chain effects, or competitive implications are provided.)",https://wwd.com/beauty-industry-news/hair/ghd-lauches-sculpt-first-ai-styling-tool-hair-temperature-1239059281/,https://wwd.com/feed/
2026-07-09,"SKIP

(This is celebrity/creative direction content without concrete retail, sales, operational, or leasing implications.)",https://wwd.com/fashion-news/fashion-scoops/louis-vuitton-fall-2026-campaign-pharrell-williams-space-1239058071/,https://wwd.com/feed/
2026-07-09,"SKIP

This is a product launch announcement, not news about AI implementation or technology adoption affecting retail/fashion operations or leasing.",https://wwd.com/fashion-news/fashion-scoops/eberjey-x-the-ritz-carlton-yacht-collection-launches-1239051761/,https://wwd.com/feed/
2026-07-09,"SKIP

(This is a boutique collaboration announcement, not concrete retail/fashion business news with measurable market impact.)",https://wwd.com/fashion-news/fashion-scoops/mark-ingram-atelier-vera-wang-haute-team-exclusive-bridal-experience-1239056208/,https://wwd.com/feed/
2026-07-09,"JW Anderson's Paris pop-up signals the brand's testing of direct-to-consumer presence in a key luxury market before committing to permanent retail infrastructure, reducing real estate risk while gauging demand for its expanded home goods category.",https://wwd.com/fashion-news/fashion-features/jw-anderson-pop-up-paris-prelude-bigger-retail-moves-store-1239058792/,https://wwd.com/feed/
2026-07-09,"SKIP

This is generic financial earnings news without details on specific retail strategies, operational changes, or market-specific impacts.",https://www.drapersonline.com/news/levi-strauss-raises-guidance-following-revenue-growth,https://www.drapersonline.com/feed
2026-07-09,"SKIP

This is generic industry news about event programming, not concrete retail/fashion/leasing AI news.",https://www.drapersonline.com/news/british-fashion-council-announces-new-nationwide-programme,https://www.drapersonline.com/feed
2026-07-09,"SKIP

This is generic fashion commentary about a seasonal trend (flip-flops in summer) with no retail data, sales figures, brand performance, leasing news, or concrete business impact.",https://www.theguardian.com/fashion/2026/jul/08/jess-cartner-morley-on-fashion-flip-flops-trend,https://www.theguardian.com/fashion/rss
2026-07-09,"SKIP

(This is generic office design/workspace content, not retail/fashion/leasing AI news)",https://retaildesignblog.net/2026/07/08/smithgroup-offices/,https://www.retaildesignblog.net/feed
2026-07-09,"SKIP

(This appears to be fragmented/incomplete text about coffee packaging redesign with unclear retail relevance rather than concrete news about retail/fashion/leasing sector developments.)",https://retaildesignblog.net/2026/07/08/every-half-by-nyfsaigon/,https://www.retaildesignblog.net/feed
2026-07-09,"SKIP

This is generic executive anxiety about AI investment with no specific retail, fashion, or leasing application mentioned.",https://www.retaildive.com/news/ceos-fear-ai-underinvestment/824808/,https://www.retaildive.com/feeds/news/
2026-07-09,"Retailers investing in back-end AI for supply chain and operational automation could reduce waste, improve inventory accuracy, and lower labor costs, enabling faster response to demand shifts and competitive pricing.",https://www.retaildive.com/news/grocers-ai-back-end-operations/824806/,https://www.retaildive.com/feeds/news/
2026-07-09,"The board's rejection of Zodiac's offer signals DXL's confidence in standalone turnaround prospects, potentially stabilizing the big-and-tall apparel retailer's stock and keeping its store network and supply chain independent rather than consolidated under private equity ownership.",https://www.retaildive.com/news/destination-xl-board-rejects-zodiac-partners-go-private-offer-again/824822/,https://www.retaildive.com/feeds/news/
2026-07-09,"SKIP

This is generic industry commentary about textile recycling trends and policy initiatives without specific company actions, technology implementations, financial impacts, or concrete retail strategies.",https://www.retaildive.com/news/thrifting-consumer-habits-shift-textile-recycling-challenges/824809/,https://www.retaildive.com/feeds/news/
2026-07-09,This is concrete retail news with community impact. Uniqlo's permanent facility in Altadena demonstrates retailer investment in disaster-affected communities while establishing a new operational model (community hub) that could influence how fashion brands approach local engagement and CSR activation in underserved areas.,https://wwd.com/fashion-news/fashion-features/uniqlo-first-us-community-hub-altadena-la-wildfires-1239060868/,https://wwd.com/feed/
2026-07-09,"SKIP

(This is fashion editorial coverage of a designer's collection, not news about retail operations, technology implementation, leasing deals, or business developments affecting the retail/fashion sector.)",https://wwd.com/runway/fall-couture-2026/paris/zuhair-murad/review/,https://wwd.com/feed/
2026-07-09,"SKIP

This is fashion/celebrity styling coverage, not retail/business news about AI applications in the sector.",https://wwd.com/footwear-news/shoe-trends/queen-camilla-eliot-zed-wedges-london-zoo-1239060863/,https://wwd.com/feed/
2026-07-09,"Fast Retailing's 45.7% operating profit surge and third consecutive guidance increase signals strong demand for Uniqlo's core offerings and validates its international expansion strategy, likely pressuring competitors on pricing and inventory management.",https://www.drapersonline.com/news/uniqlo-owner-increases-guidance-for-third-consecutive-quarter,https://www.drapersonline.com/feed
2026-07-09,Clarks' expansion of budget-priced children's footwear at £25 price points positions the brand to capture price-sensitive family shoppers and compete in the value segment amid cost-of-living pressures.,https://www.drapersonline.com/news/clarks-expands-affordable-kids-range,https://www.drapersonline.com/feed
2026-07-09,"SKIP

This is a generic personnel/HR roundup without specific business impact details on the individual moves.",https://www.drapersonline.com/news/this-weeks-fashion-retail-people-moves-asos-nobodys-child-gymshark,https://www.drapersonline.com/feed
2026-07-09,"'47 Brand's Soho pop-up through year-end represents a strategic UK market entry for the US headwear specialist, testing London's premium retail location for potential long-term physical expansion.",https://www.drapersonline.com/news/in-pictures-us-hat-specialist-47-brand-opens-in-londons-soho,https://www.drapersonline.com/feed
2026-07-09,"M&S's expansion of its Amazon marketplace presence into the Netherlands allows the retailer to reach new European customers through a established logistics network, potentially increasing sales velocity while reducing direct e-commerce infrastructure costs in that market.",https://www.drapersonline.com/news/ms-expands-amazon-partnership-to-the-netherlands,https://www.drapersonline.com/feed
2026-07-09,"New Look's flagship concept store at Metrocentre signals continued physical retail investment despite omnichannel pressure, potentially serving as a test bed for experiential retail formats in major UK shopping destinations.",https://www.drapersonline.com/news/first-look-new-look-opens-largest-concept-store-at-metrocentre,https://www.drapersonline.com/feed
2026-07-09,"M&S's debut at London Fashion Week signals a strategic repositioning toward younger consumers and premium positioning, leveraging its centenary to rebrand from value retailer to aspirational fashion destination.",https://www.theguardian.com/business/2026/jul/09/goodbye-frump-hello-tiktok-ms-100-years-london-fashion-week-show,https://www.theguardian.com/fashion/rss
2026-07-10,"Meta's AI room visualization feature enables virtual try-on of furniture and decor in real spaces, allowing direct purchase through brand websites—a concrete competitive advantage for retail and e-commerce conversion rates.",https://www.retaildive.com/news/meta-muse-image-ai-powered-room-visualization-feature/824841/,https://www.retaildive.com/feeds/news/
2026-07-10,"SKIP

(This is a celebrity endorsement/product collaboration announcement, not concrete retail/fashion/leasing AI news.)",https://wwd.com/fashion-news/fashion-scoops/kacey-musgraves-texas-stanley-hydration-1239061751/,https://wwd.com/feed/
2026-07-10,"SKIP

(This is a product launch announcement without concrete details on retail performance, sales figures, distribution strategy, or market impact.)",https://wwd.com/footwear-news/shoe-trends/loveshackfancy-hunter-rain-boot-collaboration-1239051734/,https://wwd.com/feed/
2026-07-10,"SKIP

(This is a product collaboration announcement with no concrete retail metrics, business impact, or operational relevance to the fashion/retail sector.)",https://wwd.com/footwear-news/sneaker-news/bape-vans-knu-skool-release-date-1239061951/,https://wwd.com/feed/
2026-07-10,"SKIP

(This is a general news story about an aviation accident with no retail, fashion, or leasing business implications.)",https://wwd.com/sourcing-journal/logistics/pakistan-recovers-air-cargo-plane-wreckage-k2-airways-missing-crew-1239062441/,https://wwd.com/feed/
2026-07-10,"SKIP

This is a celebrity fashion moment/trend piece, not retail/fashion industry business news about AI implementation, market shifts, or operational changes.",https://wwd.com/pop-culture/celebrity-news/maura-higgins-pixie-hair-paris-couture-week-1239061893/,https://wwd.com/feed/
2026-07-10,"Yours Clothing's e-gift card refund option incentivizes customer retention by offering bonus loyalty points for store credit returns instead of cash refunds, reducing cash outflow while increasing repeat purchase likelihood.",https://www.drapersonline.com/news/yours-clothing-launches-e-gift-card-refunds,https://www.drapersonline.com/feed
2026-07-10,"UK retail footfall declined 3.4% year-on-year in June due to record heatwave conditions reducing shopper traffic, indicating weather-driven demand volatility that particularly impacts physical retail locations dependent on foot traffic.",https://www.drapersonline.com/news/heatwave-drives-june-footfall-decline,https://www.drapersonline.com/feed
2026-07-10,"SKIP

This is a fashion/cultural trend story about concert fan behavior, not concrete retail/fashion business news about AI, technology implementation, sales impact, or commercial strategy.",https://www.theguardian.com/fashion/2026/jul/10/harry-styles-concert-fans-wearing-ties,https://www.theguardian.com/fashion/rss
2026-07-10,"SKIP

(This is about office interior design/architecture, not retail, fashion, or leasing market news with business impact.)",https://retaildesignblog.net/2026/07/10/gimv-offices-by-shake-design-build/,https://www.retaildesignblog.net/feed
